
{
"description": "Projectile entities, do not necessarily damage mobs and players if it hits one (potions and experience bottles)",
"values": [
  {
    "id": "minecraft:arrow",
    "required": false
  },
  {
    "id": "minecraft:dragon_fireball",
    "required": false
  },
  {
    "id": "minecraft:egg",
    "required": false
  },
  {
    "id": "minecraft:experience_bottle",
    "required": false
  },
  {
    "id": "minecraft:fireball",
    "required": false
  },
  {
    "id": "minecraft:llama_spit",
    "required": false
  },
  {
    "id": "minecraft:potion",
    "required": false
  },
  {
    "id": "minecraft:shulker_bullet",
    "required": false
  },
  {
    "id": "minecraft:small_fireball",
    "required": false
  },
  {
    "id": "minecraft:snowball",
    "required": false
  },
  {
    "id": "minecraft:spectral_arrow",
    "required": false
  },
  {
    "id": "minecraft:trident",
    "required": false
  },
  {
    "id": "minecraft:wither_skull",
    "required": false
  }
]
}
